level,yaw_deg,lateral_m,camera_updates,mean_du_px,mean_dv_px,mean_nis,median_track_min_d2,track_gate_miss_rate,rmse,matches,ghosts,misses,precision_track,coverage
baseline,0.0,0.0,509,-11.8870533121155,7.597150396551148,2.24888701019141,1.6390651317464022,0.012244897959183673,0.13586677824355614,502,0,239,1.0,0.9672447013487476
yaw 0.25°,0.25,0.0,486,-19.993523132440853,7.5106111166480325,4.546930043205695,4.388002115660348,0.06109979633401222,0.17317281448574423,502,0,239,1.0,0.9672447013487476
yaw 0.5°,0.5,0.0,322,-26.895671796169488,4.93296892009654,7.284925351811723,9.117886547091626,0.3788187372708758,0.21115493169476598,502,0,239,1.0,0.9672447013487476
yaw 1°,1.0,0.0,20,-74.96475045366299,-16.267505131922785,3.5050480157398227,23.406080778659486,0.9735772357723578,0.1725632983885847,502,0,239,1.0,0.9672447013487476
yaw 2°,2.0,0.0,19,-79.959372666448,-24.60451122922436,3.919473543638726,66.59974171054772,0.9757085020242915,0.17603836107792958,502,0,239,1.0,0.9672447013487476
yaw 5°,5.0,0.0,28,-51.8566203255471,-11.48403390039513,2.0419554027321176,80.67613076126733,0.969939879759519,0.15027805518972268,502,0,239,1.0,0.9672447013487476
lateral 0.2 m,0.0,0.2,366,-23.098211387744488,4.32059041848358,5.926395993903526,7.683319922865191,0.2973523421588595,0.19028982606834835,502,0,239,1.0,0.9672447013487476
lateral 0.5 m,0.0,0.5,24,-67.95311190287663,-10.877707825423206,3.9895775811407304,27.192268487513818,0.9655172413793104,0.16205342535325568,502,0,239,1.0,0.9672447013487476
lateral 1.0 m,0.0,1.0,20,-82.32458618906199,-22.583636967484615,3.7017138916060057,76.74406588016447,0.9738430583501007,0.1796311469206404,502,0,239,1.0,0.9672447013487476
